"attendance_id","id","date","login_time","logout_time"
1,1,"2022-07-11 15:30:00+05:30","2022-07-11 10:00:00","2022-07-11 21:00:00"
2,1,"2022-07-12 15:30:00+05:30","2022-07-12 10:00:00","2022-07-12 21:00:00"
3,1,"2017-05-29 10:30:00+05:30","2017-05-29 05:00:00","2017-05-29 05:00:00"
4,3,"2017-05-29 10:30:00+05:30","2017-05-29 05:00:00","2017-05-29 05:00:00"
5,3,"2017-05-29 10:30:00+05:30","2017-05-29 05:00:00","2017-05-29 05:00:00"
6,5,"2022-07-18 15:30:00+05:30","2022-07-18 10:00:00","2022-07-18 21:00:00"
7,5,"2022-07-15 15:30:00+05:30","2022-07-15 10:00:00","2022-07-15 21:00:00"
8,5,"2022-07-14 15:30:00+05:30","2022-07-14 10:00:00","2022-07-14 21:00:00"
9,3,"2022-07-14 15:30:00+05:30","2022-07-14 10:00:00","2022-07-14 21:00:00"
10,1,"2022-07-14 15:30:00+05:30","2022-07-14 10:30:00","2022-07-14 22:00:00"
